<?xml version="1.0" encoding="UTF-8"?>
<project-private xmlns="http://www.netbeans.org/ns/project-private/1">
    <editor-bookmarks xmlns="http://www.netbeans.org/ns/editor-bookmarks/2" lastBookmarkId="0"/>
    <open-files xmlns="http://www.netbeans.org/ns/projectui-open-files/2">
        <group>
            <file>file:/home/pedro/Dropbox/PCD/TEMAS_PCD/Tema5/JCSP/Ejemplo_Exclusion2_Canales/src/Hilo.java</file>
            <file>file:/home/pedro/Dropbox/PCD/TEMAS_PCD/Tema5/JCSP/Ejemplo_Exclusion2_Canales/src/Controlador.java</file>
            <file>file:/home/pedro/Dropbox/PCD/TEMAS_PCD/Tema5/JCSP/Ejemplo_Exclusion2_Canales/src/Canales2Dentro.java</file>
        </group>
    </open-files>
</project-private>
