<?xml version="1.0" encoding="UTF-8"?>
<project-private xmlns="http://www.netbeans.org/ns/project-private/1">
    <editor-bookmarks xmlns="http://www.netbeans.org/ns/editor-bookmarks/2" lastBookmarkId="0"/>
    <open-files xmlns="http://www.netbeans.org/ns/projectui-open-files/2">
        <group>
            <file>file:/C:/Users/wadad/OneDrive%20-%20UNIVERSIDAD%20DE%20HUELVA/UHU/repositorio/3/1-Cuatrimestre/PCD/Practica/P4/Practica4/src/practica4/CanvasPila.java</file>
            <file>file:/C:/Users/wadad/OneDrive%20-%20UNIVERSIDAD%20DE%20HUELVA/UHU/repositorio/3/1-Cuatrimestre/PCD/Practica/P4/Practica4/src/practica4/Practica4.java</file>
            <file>file:/C:/Users/wadad/OneDrive%20-%20UNIVERSIDAD%20DE%20HUELVA/UHU/repositorio/3/1-Cuatrimestre/PCD/Practica/P4/Practica4/src/practica4/FramePila.java</file>
            <file>file:/C:/Users/wadad/OneDrive%20-%20UNIVERSIDAD%20DE%20HUELVA/UHU/repositorio/3/1-Cuatrimestre/PCD/Practica/P4/Practica4/src/practica4/IPila.java</file>
            <file>file:/C:/Users/wadad/OneDrive%20-%20UNIVERSIDAD%20DE%20HUELVA/UHU/repositorio/3/1-Cuatrimestre/PCD/Practica/P4/Practica4/src/practica4/Consumidor.java</file>
            <file>file:/C:/Users/wadad/OneDrive%20-%20UNIVERSIDAD%20DE%20HUELVA/UHU/repositorio/3/1-Cuatrimestre/PCD/Practica/P4/Practica4/src/practica4/Productor.java</file>
            <file>file:/C:/Users/wadad/OneDrive%20-%20UNIVERSIDAD%20DE%20HUELVA/UHU/repositorio/3/1-Cuatrimestre/PCD/Practica/P4/Practica4/src/practica4/Pila.java</file>
        </group>
    </open-files>
</project-private>
