<?xml version="1.0" encoding="UTF-8"?>
<project-private xmlns="http://www.netbeans.org/ns/project-private/1">
    <editor-bookmarks xmlns="http://www.netbeans.org/ns/editor-bookmarks/2" lastBookmarkId="0"/>
    <open-files xmlns="http://www.netbeans.org/ns/projectui-open-files/2">
        <group>
            <file>file:/C:/Users/wadad/OneDrive%20-%20UNIVERSIDAD%20DE%20HUELVA/UHU/repositorio/3/1-Cuatrimestre/PCD/Practica/P8/Practica8/src/practica8/conTarjeta.java</file>
            <file>file:/C:/Users/wadad/OneDrive%20-%20UNIVERSIDAD%20DE%20HUELVA/UHU/repositorio/3/1-Cuatrimestre/PCD/Practica/P8/Practica8/src/practica8/Generador.java</file>
            <file>file:/C:/Users/wadad/OneDrive%20-%20UNIVERSIDAD%20DE%20HUELVA/UHU/repositorio/3/1-Cuatrimestre/PCD/Practica/P8/Practica8/src/practica8/CanvasCajero.java</file>
            <file>file:/C:/Users/wadad/OneDrive%20-%20UNIVERSIDAD%20DE%20HUELVA/UHU/repositorio/3/1-Cuatrimestre/PCD/Practica/P8/Practica8/src/practica8/sinTarjeta.java</file>
        </group>
    </open-files>
</project-private>
